pH,turbidity_NTU,TDS_ppm,flow_rate_L_min,pressure_bar,temperature_C,usage_L_per_day,days_since_filter_change,water_quality,filter_replacement,maintenance_required
7.12,7.61,407,0.71,1.5,28,22,170,1,1,0
8.85,0.34,165,1.36,1.28,18.4,11,119,1,0,1
8.2,0.32,469,0.78,4.64,32.4,28,45,0,1,0
7.8,3.3,380,0.92,1.76,27.3,10,125,0,1,0
6.47,4.94,709,0.83,4.29,18.1,47,14,1,0,1
6.47,7.73,645,0.77,3.18,34.2,13,157,1,1,0
6.17,6.86,428,1.74,1.31,25.4,16,134,1,1,1
8.6,4.51,296,0.93,4.82,16.5,23,135,1,1,0
7.8,2.81,989,1.89,1.99,27.5,22,37,2,0,0
8.12,9.97,509,1.95,4.44,20.1,41,53,2,1,1
6.06,4.32,719,1.36,1.68,31.1,26,18,1,0,0
8.91,4.57,226,0.71,4.42,31.4,13,38,1,1,0
8.5,1.72,537,1.06,1.05,34.6,17,129,1,1,1
6.64,7.97,125,1.7,3.05,25,28,44,1,1,0
6.55,6.97,555,1.05,4.08,24.1,12,47,1,0,0
6.55,2.29,968,0.63,4.74,30.1,33,35,2,1,1
6.91,0.92,446,1.34,4.64,17.6,30,60,0,0,0
7.57,6.84,135,1.77,4.28,25.9,37,90,1,0,0
7.3,6.58,128,1.69,4.55,25.9,47,52,1,0,1
6.87,2.81,449,0.76,1.8,16.8,46,8,0,1,1
7.84,9.51,244,1.51,2.14,23.4,48,107,2,1,1
6.42,1.6,121,0.83,2.16,32.1,16,169,1,1,0
6.88,4.38,781,0.83,2.51,32.1,11,131,1,1,0
7.1,9.44,513,1.81,2.57,17,19,142,2,1,0
7.37,4.26,360,0.87,3.18,16.8,45,96,0,0,1
8.36,6.42,910,0.89,1.64,20.3,49,26,2,0,1
6.6,4.04,205,0.5,3.76,32.5,44,111,0,1,1
7.54,2.81,960,1.81,1.67,17.6,10,123,2,1,0
7.78,9.84,383,1.69,2.24,29.4,48,168,2,1,1
6.14,4.15,900,1.44,3.01,17,24,51,2,0,0
7.82,8.95,643,1.63,4.19,27.5,5,123,2,1,0
6.51,2.38,844,0.73,3.96,22.1,25,5,2,1,0
6.2,2.21,986,1.19,3.58,30.8,7,77,2,0,0
8.85,0.41,360,1.03,1.62,19.7,29,160,1,1,0
8.9,6.55,965,0.64,3.19,27.8,20,1,2,1,1
8.43,3.75,451,1.23,1.35,19.7,26,11,0,0,1
6.91,8.66,447,1.88,2.51,29.3,33,8,2,1,0
6.29,4.78,406,0.56,2.65,32.5,44,153,1,1,1
8.05,9.69,587,0.94,1.16,17.5,35,168,2,1,1
7.32,1.94,239,0.81,2.1,32.3,25,32,0,0,0
6.37,8.7,598,0.86,4.82,26.9,42,28,2,1,1
7.49,7.79,588,1.86,4.81,17.5,46,131,1,1,1
6.1,7.73,786,1.2,2.41,23.6,10,128,1,1,0
8.73,8.46,850,1.2,1.17,18.2,29,62,2,1,1
6.78,7.63,496,1.64,1.72,29,18,27,1,1,0
7.99,6.3,372,0.73,2.57,30.2,7,45,1,1,0
6.94,1.4,333,1.23,4.79,17.1,35,105,0,0,0
7.56,0.42,275,1.14,1.56,25.1,44,92,0,0,1
7.64,9.22,152,1.4,4.05,31.3,12,25,2,1,0
6.55,6.2,408,2,1.43,33.7,42,44,1,0,1
8.91,7.99,343,1.65,4.93,25.3,43,174,1,1,1
8.33,4.87,970,1.1,2.53,34,46,142,2,1,1
8.82,1.26,602,1.74,4.1,25.7,17,136,1,1,0
8.68,1.34,413,0.76,2.37,22.9,46,176,1,1,1
7.79,6.89,622,0.55,3.51,32,19,142,1,1,1
8.77,4.36,225,0.81,1.77,24.9,30,80,1,0,0
6.27,2.09,500,1.01,1.58,24.4,7,82,1,0,0
6.59,4.97,664,1.27,4.75,24.8,7,135,1,1,0
6.14,0.74,540,1.42,4.67,31.9,37,88,1,0,0
6.98,5.86,462,1.87,4.55,31.6,25,177,1,1,0
7.17,2.76,994,1.26,3.5,23.1,17,127,2,1,0
6.81,8,892,1.25,4.23,21.7,14,55,2,1,0
8.49,3.17,661,0.58,1.28,24.8,35,141,1,1,1
7.07,4.61,612,0.55,2.34,26.5,5,56,1,1,1
6.84,0.22,659,1.33,2.25,19.8,41,15,1,0,1
7.63,0.82,281,1.16,3.54,30.9,9,58,0,0,0
6.42,3.99,456,1.76,2.42,24.7,14,163,1,1,0
8.41,4.85,136,0.74,1.59,21.7,22,88,0,1,0
6.22,6.04,528,0.54,3.39,17.1,27,97,1,1,1
8.96,2.99,589,1.17,4.26,19.8,21,144,1,1,0
8.32,6.98,305,0.86,2.53,34,19,8,1,0,0
6.6,8.62,968,0.57,1.53,21.1,48,173,2,1,1
6.02,7.82,919,1.59,1.79,18.4,34,40,2,1,0
8.45,0.49,750,0.67,1.95,24.2,6,14,1,1,1
8.12,4.86,580,1.41,2.2,21.1,24,53,1,0,0
8.19,1.14,883,0.92,3.57,15.7,44,127,2,1,1
8.31,2.5,218,0.76,3.4,21.5,19,155,0,1,0
6.22,9.87,811,1.07,3.78,25.9,9,175,2,1,0
7.08,1.51,212,1.7,2.45,26,39,80,0,0,0
6.35,5.04,815,1.09,4.3,22.1,32,115,2,0,0
8.59,6.22,348,1.63,1.82,23.9,31,134,1,1,0
7.87,7.05,889,0.69,2.88,34.3,7,55,2,1,1
6.99,5.64,950,1.66,4.2,22.5,11,44,2,0,0
6.19,0.2,234,0.86,1.72,20.2,33,18,1,0,0
6.93,3.33,516,1.52,1.44,19.9,14,16,1,0,1
6.98,5.23,983,1.35,4.53,24.2,28,12,2,0,0
8.19,0.97,535,1.89,2.37,30.2,30,148,1,1,0
7.91,3.57,877,1.08,3.74,19.1,18,45,2,0,0
8.66,0.43,630,0.6,1.1,29.2,48,93,1,1,1
7.42,0.88,438,0.53,3.76,15.4,43,22,0,1,1
6.36,4.03,357,1.74,2.26,23.4,38,97,1,0,0
8.14,1.41,283,1.29,1.22,30.5,9,47,0,0,1
8.28,5.72,786,1.66,3.44,21.8,10,29,1,0,0
7.68,6.93,448,0.85,1.96,26.3,27,45,1,0,0
8.31,8.03,560,1.02,2.55,19.1,12,77,2,1,0
7.48,2.08,543,0.55,1.32,29.8,49,9,1,1,1
7.57,1.76,620,1.94,1.59,16,12,24,1,0,0
7.28,1.14,879,1.5,2.19,32.1,27,15,2,0,0
6.08,6.4,983,1.9,1.36,19,21,164,2,1,1
6.32,7.09,467,0.9,4.64,32.5,34,13,1,1,0
6.09,0.41,845,1.42,1.02,22.1,11,91,2,0,1
7.91,9.37,788,1.52,2.94,29.5,24,172,2,1,0
6.94,0.61,616,0.98,1.49,21.4,17,101,1,0,1
7.53,5.46,960,1.77,2.23,33.1,45,71,2,0,1
8.72,7.12,280,1.92,4.7,17.5,7,122,1,1,0
6.75,8.72,198,1.83,1.65,18.6,46,76,2,1,1
7.23,7.17,869,1.61,4.86,24.9,42,164,2,1,1
8.27,8.04,495,0.92,1.82,16.6,18,116,2,1,0
6.69,3.46,862,0.92,3.97,18.9,41,61,2,0,1
6.23,8.17,904,1.95,3.19,33.9,6,168,2,1,0
6.87,0.89,156,0.52,4.54,34.5,49,126,0,1,1
6.48,8.96,895,1.57,3.22,22.5,29,155,2,1,0
8.79,5.52,503,1.56,3.14,33.5,19,1,1,0,0
8.42,8.19,559,1.43,1.78,25.9,21,162,2,1,0
7.9,4.58,664,1.99,1.66,20.4,8,68,1,0,0
8.61,6.47,934,0.97,4.67,29,50,88,2,0,1
8.41,5.31,117,1.01,2.31,28.2,7,21,1,0,0
6.56,7.34,529,0.62,2.49,34.8,34,161,1,1,1
8.68,0.91,719,1.16,4.04,20.3,25,135,1,1,0
7.62,0.7,750,0.89,2.36,28.4,48,3,1,0,1
8.42,2.55,723,1.02,4.81,16,16,51,1,0,0
8.69,1.68,221,1.75,3.95,17.3,29,79,1,0,0
6.95,8.73,369,1.9,3.39,15.1,27,95,2,1,0
6.33,2.27,423,0.78,4.52,35,37,123,1,1,0
6.68,9.76,824,1.06,1.2,31,8,6,2,1,1
7.28,3.44,351,1.89,2.03,30.7,14,157,0,1,0
8.45,1.9,290,0.59,2.86,25.2,15,17,0,1,1
8.58,7.92,962,0.64,1.91,21,38,117,2,1,1
6.02,6.62,108,0.74,3.98,18,14,60,1,1,0
7.53,5.03,998,1.39,4.68,20.7,31,150,2,1,0
7.25,5.6,709,0.73,2.7,22.5,15,152,1,1,0
6.67,7.22,846,1.95,2.37,30.1,44,125,2,1,1
6.36,2.36,365,1.17,4.85,25.8,47,81,1,0,1
7.01,9.96,113,1.25,2.78,16.5,28,85,2,1,0
8.83,9.75,764,0.87,2.96,15.4,21,51,2,1,0
6.97,6.54,851,1.21,2.41,17,16,178,2,1,0
7.56,2.08,766,1.49,4.64,23.2,7,139,1,1,0
8.11,6.83,229,1.63,3.28,33.7,17,71,1,0,0
7.09,0.81,778,1.63,4.05,27.7,34,170,1,1,0
8.92,0.4,792,1.37,4.25,31,29,39,1,0,0
8.89,2.65,693,1.86,2.37,24.3,47,69,1,0,1
6.76,4.68,790,1.73,2.73,22.2,23,48,1,0,0
7.49,8.7,861,1.64,4.39,17.2,36,125,2,1,0
6.9,7.3,652,0.58,2.45,32.5,27,57,1,1,1
6.85,7.45,180,0.51,4.18,30.7,28,21,1,1,1
6.11,4.31,539,0.82,4.76,18.4,17,82,1,0,0
7.83,3.52,170,1.5,3.49,25.2,25,99,0,0,0
7.51,3.77,467,1.12,3.97,24.7,26,148,0,1,0
6.15,9.88,466,1.1,4.22,27.5,37,15,2,1,0
6.84,0.5,159,1.83,4.38,33.9,47,69,0,0,1
8.72,8.68,414,1.84,2.58,26.6,20,179,2,1,0
6.72,5.83,200,1.86,1.21,25.8,7,76,1,0,1
6.43,4.44,827,0.97,2.61,16,27,62,2,0,0
7.47,7.28,953,1.54,3.7,16.3,30,119,2,1,0
8.96,4.92,165,0.91,2.8,18.7,13,37,1,0,0
6.73,8.75,960,0.79,4,15.6,39,134,2,1,0
8.02,9.02,570,0.78,2.43,29.9,49,26,2,1,1
8.28,4.28,370,1.01,3.54,29.5,48,8,0,0,1
6.71,2.84,169,1.14,1.75,17.7,14,4,0,0,0
8.18,5.96,551,1.75,4,31.7,44,21,1,0,1
7.1,9.13,815,0.68,3.18,18.1,37,159,2,1,1
7.9,2.19,736,1.6,1.82,21,25,149,1,1,0
7.9,6.27,145,1.3,2.17,20,29,25,1,0,0
7.61,6.35,166,0.93,3.99,22.4,43,143,1,1,1
6.27,7.36,463,1.24,2.93,20.1,27,163,1,1,0
8.51,1.4,366,0.95,1.86,24.8,22,177,1,1,0
6.96,7.19,309,1.39,4.87,23.1,27,43,1,1,0
6.56,9.1,353,1.15,3.86,34.7,31,169,2,1,0
6.12,1.88,823,0.75,4.83,16.1,14,37,2,1,0
7.77,2.45,936,0.67,2.71,17.8,46,42,2,1,1
8.03,9.72,465,1.32,2.9,16.1,35,175,2,1,0
6.05,1.89,915,1.85,4.59,27.5,33,92,2,0,0
7.54,8.56,389,1.02,3.1,16.1,9,61,2,1,0
6.68,4.97,529,1.6,3.83,31.7,32,142,1,1,0
7.94,2.55,303,1.49,2.01,25.2,10,68,0,0,0
6.52,8.72,676,1.9,2.79,25.5,9,53,2,1,0
8.07,4.51,981,1.73,1.49,26.2,29,84,2,0,1
7.16,5.2,643,1.35,1.82,18.4,23,34,1,0,0
8.81,3.66,422,1.49,1,19,31,76,1,0,1
6.41,5.97,683,1.85,1.16,21.4,9,97,1,0,1
7.02,1.72,211,1.1,4.91,26.9,24,152,0,1,0
6.34,3.97,900,0.99,1.97,19.2,13,148,2,1,0
8.77,9.7,553,0.52,3.65,17.3,49,30,2,1,1
8.63,2.66,504,1.74,4.36,34.4,30,88,1,0,0
6.77,6.6,627,1.7,3.2,15.4,36,7,1,0,0
7.98,3.32,662,0.66,1.61,31.1,20,36,1,1,1
8.45,7.76,165,1.37,3.91,30.8,9,38,1,1,0
7.67,1.4,714,1.2,3.4,20.9,49,52,1,0,1
7.59,9.7,318,0.68,3.93,17.7,18,143,2,1,1
6.73,4.59,743,1.97,4.08,17.9,24,174,1,1,0
6.28,2.44,840,0.82,4.9,28.9,34,151,2,1,0
8.69,0.83,824,0.6,3.29,27.9,6,140,2,1,1
8.7,1.78,597,1.39,2.37,30.7,41,172,1,1,1
7.9,5.25,568,1.61,3.59,33.7,29,143,1,1,0
7.02,3.44,229,0.55,1.27,28.8,18,93,0,1,1
7.05,8.31,798,1.49,4.59,18.1,8,107,2,1,0
8.18,4.37,344,1.3,1.48,19.9,12,126,0,1,1
8.69,2.56,547,0.65,2.31,31.8,45,49,1,1,1
8.66,6.21,356,0.76,4.26,19.2,36,21,1,1,0
8.34,7.1,220,1.35,3.39,16.5,16,15,1,1,0
7.93,1.75,667,0.94,2.57,29.1,8,14,1,0,0
6.25,1.76,149,1.91,2.89,23.1,36,42,1,0,0
6.48,0.46,774,1.73,4.42,33.4,31,15,1,0,0
8.7,7.39,386,1.98,2.36,28,23,63,1,1,0
7.82,6.67,100,0.89,4.48,16.8,21,27,1,0,0
6.03,4.8,560,1.95,1.35,34,15,93,1,0,1
6.3,8.46,142,1.15,4.11,20.2,35,105,2,1,0
7.99,8.08,349,1.02,4.39,21.7,49,53,2,1,1
6.02,5.9,736,0.58,1.73,23,13,52,1,1,1
6.48,8.7,156,0.58,2.72,16,32,63,2,1,1
7.65,2.14,855,1.54,1.66,24.9,24,57,2,0,0
8.08,1.21,103,1.19,3.83,17.5,25,120,0,0,0
7.96,2.77,322,0.84,3.14,23,16,52,0,0,0
6.67,0.67,767,1.42,3.54,22,42,107,1,0,1
8.14,5.36,385,0.88,1.79,30.5,27,43,1,0,0
6.71,9.37,192,1.37,1.85,31.1,29,135,2,1,0
6.98,0.49,424,1.04,1.17,18.1,19,117,0,0,1
8.24,1.31,343,1.74,2.29,22.3,13,170,0,1,0
7.95,4.58,858,1.73,3.24,22.5,9,4,2,0,0
8.55,9.35,382,1.22,4.43,18,37,133,2,1,0
7.97,3.23,810,1.03,3.67,31,14,80,2,0,0
7.7,5.12,903,1.04,2.74,29.1,36,41,2,0,0
6.28,0.51,490,1.71,4.81,18.8,23,132,1,1,0
7.1,1.57,919,0.99,3.88,22.3,24,2,2,0,0
6.8,9.87,440,0.81,4.72,17.1,26,149,2,1,0
6.73,9.65,968,0.63,3.11,27.6,22,43,2,1,1
8.92,0.15,180,1.2,2.04,17.4,10,82,1,0,0
7.18,9.52,718,1.22,1.21,34.7,19,108,2,1,1
8.68,6.43,544,1.76,3.9,30.6,35,137,1,1,0
7.89,8.69,449,0.83,1.49,22.8,35,156,2,1,1
8.38,4.6,669,1.07,2.21,26.6,18,26,1,0,0
7.51,5.2,733,1.71,3.13,33.2,26,82,1,0,0
7.73,4.94,104,1.74,3.26,26.1,14,83,0,0,0
7.48,6.7,250,1.08,3.4,18.5,14,131,1,1,0
6.59,1.48,742,1.19,1.67,22.6,6,73,1,0,0
8.17,0.4,700,0.95,2.52,31.9,45,100,1,0,1
6.84,3.15,969,1.9,3.47,27.9,14,49,2,0,0
6.07,7.08,785,0.68,4.88,28,15,145,1,1,1
7.94,2.1,956,1.9,3.91,32.3,18,63,2,0,0
6.53,6.77,732,1.53,4.69,32.9,11,55,1,0,0
8.82,9.7,368,1.3,4.05,33.4,34,151,2,1,0
8.86,1.03,195,0.55,3.37,16.9,8,34,1,1,1
8.74,6.76,804,1.21,1.77,25.9,11,105,2,0,0
7.11,4.49,680,1.11,3.67,29.8,34,105,1,0,0
6.05,8.69,143,0.74,3.49,30.1,20,69,2,1,0
8.78,1.85,424,1.48,3.41,27.1,37,15,1,0,0
7.28,6.96,961,1.96,2.96,18.3,30,175,2,1,0
8.9,8.4,550,1.34,3.11,30.9,17,3,2,1,0
8.89,9.45,489,1.57,2.34,29.4,34,156,2,1,0
8.56,6.86,512,0.6,3.08,16.7,10,3,1,1,1
6.88,5.02,288,1.13,1.79,24.3,29,102,1,0,0
7.16,6.22,432,0.67,4.22,18.5,25,4,1,1,1
8.55,8.7,433,1.42,1.74,21.7,17,88,2,1,0
6.95,5.75,147,1.91,1.34,15.4,32,159,1,1,1
6.51,0.4,791,1.49,2.74,23,44,45,1,0,1
7.67,9.32,475,0.62,3.63,26,50,45,2,1,1
8.81,6.93,840,1.03,2.75,27.4,32,75,2,0,0
8.09,6.8,865,1.33,2.11,28.3,23,165,2,1,0
7.71,2.24,291,1.1,3.23,31.7,15,9,0,0,0
6.29,6.62,692,1.75,2.39,19.3,17,145,1,1,0
7.85,4,525,1.72,4.73,17.4,27,118,1,0,0
8.97,6.55,892,1.42,4.69,32,22,65,2,0,0
6.42,1.16,294,1.06,3.01,18.1,46,131,1,1,1
7.55,6.61,710,0.88,2.31,34.5,22,26,1,0,0
8.63,9.99,647,0.66,3.95,31.9,22,159,2,1,1
8.22,0.58,366,1.03,1.15,25,22,26,0,0,1
8.09,9.77,223,1.12,2.9,34.6,43,23,2,1,1
8.11,4.13,686,1.51,2.35,16.9,34,30,1,0,0
7.08,8.72,765,1.49,4.68,21.1,33,10,2,1,0
6.88,7.85,384,0.61,1.05,27.8,20,72,1,1,1
8.43,5.71,680,1.09,3.21,22,42,64,1,0,1
8.43,7.41,456,0.77,3.96,33.6,7,150,1,1,0
8.6,8.8,742,0.74,2.94,16.3,44,143,2,1,1
8.74,4.1,279,1.74,1.34,26,28,123,1,1,1
7.53,3.34,901,0.56,4.89,26.8,23,105,2,1,1
7.5,6.71,359,1.13,3.07,28.1,27,74,1,0,0
8.39,8.1,431,0.75,3.46,20.1,35,148,2,1,0
7.95,7.65,152,1.82,1.95,22.3,6,105,1,1,0
8.11,8,200,1.34,2.93,31.9,44,47,2,1,1
8.39,4.41,564,0.85,2.72,18.9,25,87,1,0,0
8.67,8.2,341,1.25,1.3,31.5,20,53,2,1,1
7.01,1.29,852,1.6,1.42,26.3,11,129,2,1,1
7.13,5.49,113,1.94,4.35,30.2,25,2,1,0,0
6.28,0.16,441,0.83,1.96,29.3,27,58,1,0,0
7.73,3.31,404,1.83,1.78,19.2,23,147,0,1,0
6.11,3.73,117,1.9,3.02,26.4,36,72,1,0,0
7.4,4.02,212,1.87,4.07,32.4,24,140,0,1,0
7.63,6.99,472,1.45,1.25,23.6,48,154,1,1,1
6.86,3.95,544,1.44,3.31,34.3,32,27,1,0,0
7.77,4.54,464,1.1,1.48,24,41,29,0,0,1
6.09,2.45,578,1.63,1.15,17.9,10,15,1,0,1
6.11,3.8,636,1.3,1.21,22.8,23,174,1,1,1
8.47,2.35,109,1.52,4.34,34,20,129,0,1,0
7.08,0.82,518,1.14,1.47,21.4,31,60,1,0,1
6.38,6.07,967,1.6,1.18,32.4,44,107,2,0,1
7.57,6.72,567,1.74,2.75,32.6,9,3,1,0,0
8.31,6.23,710,0.72,4.38,22,8,115,1,1,0
6.65,4.69,381,1.75,2.05,16.7,43,146,0,1,1
7.87,3.86,797,1.31,2.69,29.5,15,52,1,0,0
6.26,8.65,796,1.77,1.16,21.2,35,60,2,1,1
6.16,5.24,569,1.15,2.8,30.7,29,34,1,0,0
7.59,4.84,978,1.07,3.31,23.9,42,96,2,0,1
7.62,0.35,213,1.87,3.28,24.7,11,89,0,0,0
7.91,3.48,115,0.88,2.33,30.6,11,60,0,0,0
8.18,3.86,793,1.77,2.26,22.6,30,154,1,1,0
8.93,4.05,826,1.23,1.43,23.9,48,19,2,0,1
7.55,5.84,208,1.27,2.47,22.5,24,111,1,0,0
6.97,5.38,339,0.96,1.4,22.3,20,22,1,0,1
8.39,6.12,116,1.36,4.07,25.5,32,161,1,1,0
6.81,7.67,364,0.99,4.87,31.2,47,166,1,1,1
7.32,8.15,796,0.56,4.88,22.2,43,128,2,1,1
6.24,7.21,566,0.91,4.46,25.5,50,35,1,1,1
6.08,9.56,413,0.51,3.4,28.4,6,107,2,1,1
8.89,0.28,435,1.97,3.8,20.4,10,128,1,1,0
8.51,2.04,101,1.95,2.14,20.6,32,83,1,0,0
8.09,0.17,370,1.09,3.52,33.7,42,138,0,1,1
7.23,6.51,682,1.59,2.82,29.5,18,143,1,1,0
6.52,8.99,977,1.02,2.93,26.5,16,139,2,1,0
6.47,2.51,862,1.51,4.03,28,40,111,2,0,0
6.75,9.28,121,1.71,2.13,15.6,8,90,2,1,0
7.65,0.7,909,1.92,2.27,27.4,22,24,2,0,0
8.14,9.35,805,1.1,4.7,25.2,28,77,2,1,0
7.98,3.58,802,1.67,1.22,25.9,30,101,2,0,1
6.84,1.1,512,0.9,2.94,22.2,38,132,1,1,0
8.86,4.91,458,1.99,4.65,16.6,21,13,1,0,0
8.21,2.64,373,0.54,3.44,18.9,33,98,0,1,1
7.66,2.92,159,1.41,3.19,34,31,120,0,0,0
7.84,3.14,305,1.49,2,23.2,30,37,0,0,0
7.26,8.05,322,1.53,2.37,24.3,34,48,2,1,0
6.74,5.44,536,0.68,4.41,16.1,17,1,1,1,1
7.07,3.18,773,1.91,3.24,15.8,9,60,1,0,0
8.27,6.14,526,0.77,3.06,29.3,10,140,1,1,0
6.04,7.19,152,1.43,1.4,25.8,15,149,1,1,1
6.35,2.8,962,0.83,1.06,25.2,28,139,2,1,1
6.14,4.19,948,0.96,4.85,19.9,43,44,2,0,1
6.12,1.31,807,1.32,2.51,29.9,37,115,2,0,0
8.57,1.89,992,1.13,3.41,18.4,41,108,2,0,1
8.11,6.84,590,0.74,1.32,18.8,21,44,1,1,1
7.42,1.9,966,0.76,3.73,24.2,23,78,2,1,0
6.29,5.3,168,1.13,4.73,20.7,23,162,1,1,0
7.47,7.12,429,1.64,3.3,19.9,14,25,1,1,0
7.42,1.16,303,1.85,1.5,27.9,8,132,0,1,0
6.52,5.72,276,0.63,3.33,28,32,116,1,1,1
7.3,2.64,227,1.09,4.07,31.5,50,119,0,0,1
7.2,9.63,660,0.65,2.63,23.4,13,144,2,1,1
7.85,4.89,803,0.52,4.52,16.5,7,10,2,1,1
7.91,8.08,620,1.49,3.59,20.5,40,109,2,1,0
6.14,5.55,232,1.4,4.6,34.6,16,35,1,0,0
7.12,0.53,830,0.74,3.49,26.9,42,134,2,1,1
7.88,6.37,672,0.85,1.53,29.2,37,19,1,0,0
7.51,9.52,449,0.54,2.24,15.1,48,8,2,1,1
8.57,6.06,707,1.75,1.81,25.4,23,10,1,0,0
7.98,8.21,334,1.96,4.64,15.8,35,166,2,1,0
6.49,8.85,411,0.7,4.04,26.4,26,29,2,1,0
6.21,2.36,926,0.85,3.71,33.4,33,15,2,0,0
7.93,2.2,361,1.8,2.2,34.4,25,87,0,0,0
6.08,6.15,523,1.89,1.74,25.8,13,23,1,0,0
7.76,4.17,901,1.13,4.03,24.2,28,46,2,0,0
8.82,8.41,737,0.58,2.9,33.9,29,28,2,1,1
7.73,9.01,156,0.56,1.9,28.5,41,26,2,1,1
7.16,3.6,233,1.36,3.47,16.3,38,10,0,0,0
7.93,2.45,107,1.09,1.16,24.3,35,175,0,1,1
7.37,7.83,668,0.54,2.3,19.8,10,4,1,1,1
7.64,2.82,503,1.37,2.87,24.4,37,55,1,0,0
8.82,8.24,221,0.52,1.59,24.1,28,66,2,1,1
7.16,4.3,962,1.68,4.94,26.6,45,67,2,0,1
8.88,6.71,577,0.96,1.84,22.1,46,135,1,1,1
8.72,1.05,318,0.56,1.52,18.3,7,55,1,1,1
6.59,6.28,551,1.38,1.81,25.1,42,31,1,0,1
6.21,4.57,712,1.1,4.08,31.6,7,74,1,0,0
6.3,5.91,169,1.96,2.7,28.3,22,19,1,0,0
6.05,1.76,347,1.32,3.26,21.8,29,156,1,1,0
6.28,7.4,826,0.91,1.08,33.7,12,81,2,1,1
8.05,8.64,514,1.56,1.14,33.2,39,156,2,1,1
6.21,2.25,592,0.91,2.78,19.2,5,147,1,1,0
6.96,1.05,490,1.86,4.27,15.8,13,87,0,0,0
8.53,0.33,140,1.06,4.54,29.8,31,20,1,0,0
6.07,6.46,249,1.32,1.35,31.6,37,13,1,0,1
8.44,6.11,501,0.58,3.15,34.4,46,77,1,1,1
6.85,5.51,288,1.14,4.65,32.8,37,43,1,0,0
6.35,2.4,145,1.75,2.55,27,35,139,1,1,0
8.09,3.97,859,1.71,4.32,25.6,23,176,2,1,0
7.89,5.99,983,0.84,1.53,15.6,5,143,2,1,0
8.63,5.02,814,0.84,4.74,19.9,10,145,2,1,0
8.21,9.88,868,1.73,4.01,24.2,29,50,2,1,0
8.41,1.45,318,1.9,4.77,27.6,35,28,0,0,0
6.85,6.98,965,0.64,3.71,26.1,24,4,2,1,1
6.53,4.1,277,1.18,2.45,29.9,38,22,0,0,0
8.25,4.34,956,1.01,4.75,20.6,28,119,2,0,0
8.42,7.2,995,1.81,2.1,26.3,8,101,2,1,0
8.97,6.96,741,0.63,2.33,16.8,14,39,1,1,1
7.24,9.91,983,0.82,3.8,23.3,43,34,2,1,1
7.12,1.37,613,1.63,4.06,30,38,97,1,0,0
8.33,1.13,334,0.58,4.72,28.9,45,44,0,1,1
7.02,7.27,493,1.24,1.82,34.8,10,170,1,1,0
8.79,5.83,634,1.16,4.19,20.6,50,40,1,0,1
8.58,2.81,166,1,3.95,25,14,97,1,0,0
7.29,0.89,660,1.09,1.26,21.6,6,140,1,1,1
8.25,0.95,983,1.29,2.55,23.8,50,130,2,1,1
8.26,8.95,271,0.74,2.13,32.1,18,156,2,1,0
6.31,2,813,1.36,2.22,28.7,35,74,2,0,0
8.71,3.3,917,1.71,4.93,32.6,13,86,2,0,0
7.52,2.34,949,1.64,3.57,19.1,31,90,2,0,0
8.48,3.61,964,0.73,3.87,32.5,46,67,2,1,1
6.96,0.79,569,0.72,4.91,16.2,19,76,1,1,0
8.69,5.24,980,0.9,2.51,32.8,35,92,2,0,0
7.17,0.77,782,1.04,4.21,21.6,13,10,1,0,0
6.03,8.02,246,1.11,2.74,21.3,33,86,2,1,0
8.72,2.41,529,1.52,4.48,25.2,20,102,1,0,0
6.27,5.45,746,0.59,1.72,33.8,15,108,1,1,1
6.96,8.81,323,0.55,4.79,16,19,165,2,1,1
8.85,6.54,677,1.09,1.88,22,13,91,1,0,0
8.85,5.38,700,1.55,2.3,32.1,46,79,1,0,1
7.72,3.31,246,0.79,4.02,22.9,23,86,0,1,0
7.9,3.4,609,1.46,2.58,19,16,107,1,0,0
7.35,6.73,794,0.89,3.43,23.5,25,168,1,1,0
6.88,9.94,549,1.83,2.78,22.7,19,101,2,1,0
6.99,6.65,111,1.84,3.97,33.3,38,108,1,0,0
8.02,5.62,108,0.95,1.91,30.2,49,60,1,0,1
8.26,7.33,421,0.84,1.23,25.1,25,48,1,1,1
8.37,4.71,934,1.12,2.2,34.8,44,117,2,0,1
8.37,0.7,306,0.86,2.9,24.3,30,106,0,0,0
6.27,5.67,671,1.51,1.67,16.2,12,147,1,1,0
7.48,9.58,300,1.74,2.42,20.2,36,33,2,1,0
6.17,1.84,390,1.51,2.6,23.7,28,44,1,0,0
7.65,6.93,863,1.74,1.23,18.1,34,165,2,1,1
7.32,2.09,756,1.1,3.33,34,45,112,1,0,1
8.66,5.4,186,0.73,4.54,30.3,25,89,1,1,0
7.05,1.06,486,1.61,1.61,20.4,46,36,0,0,1
6.35,4.56,126,1.04,3.39,26.8,39,81,1,0,0
6.43,7.59,533,1.51,3.66,29.4,27,88,1,1,0
8.28,3.54,696,0.91,2.68,33.8,32,149,1,1,0
7.85,6.68,207,0.62,3.8,32.6,20,130,1,1,1
6.3,7.97,360,1.99,2.64,25.3,49,31,1,1,1
6.25,9.28,458,0.73,3.02,30.5,35,108,2,1,0
8.1,2.42,928,1.98,1.03,26.2,7,30,2,0,1
6.22,4.05,994,1.97,3.77,26.1,20,172,2,1,0
8.47,1.61,140,1.69,3.65,17.3,33,12,0,0,0
8.12,9.93,785,1.49,1.15,17.5,8,51,2,1,1
6.24,9.28,435,1.37,2.47,25.6,6,121,2,1,0
6.25,5.45,453,1.8,4.92,20.4,25,177,1,1,0
8.96,8.44,779,0.93,2.68,15.4,20,152,2,1,0
7.12,5.26,927,1.2,3.01,29.5,25,152,2,1,0
7.11,6.27,956,1.43,4.64,15.6,17,139,2,1,0
8.44,0.98,619,1.12,3.87,26.9,12,13,1,0,0
8.84,7.58,421,1.14,3.33,25.8,36,91,1,1,0
8.96,1.36,809,1,4.19,34.4,28,74,2,0,0
8.26,8.28,326,1.35,4.46,24.7,14,20,2,1,0
7.13,7.84,608,1.78,2.83,16.3,19,72,1,1,0
6.25,7.12,423,0.8,2.9,26,32,73,1,1,0
8.33,0.46,691,1.9,2.54,31.8,8,71,1,0,0
7.68,3.1,316,1.53,4.87,34.9,12,78,0,0,0
7.27,2.7,272,1.73,3.79,23.6,8,28,0,0,0
8.72,3.67,926,1.33,1.33,21.4,42,130,2,1,1
6.33,0.97,192,1.67,4.45,33.1,39,121,1,1,0
7.48,9.38,555,0.52,2.92,18.8,39,43,2,1,1
6.03,5.58,299,1.73,1.28,27.3,37,8,1,0,1
7.41,3.12,135,0.56,3.2,23.1,35,13,0,1,1
6.17,4.03,132,1.83,2.67,15.8,26,111,1,0,0
6.36,4.53,258,1.99,4.51,21.9,34,35,1,0,0
6.35,6.05,880,0.94,1.82,20.3,7,23,2,0,0
7.95,5.21,354,0.82,4.31,28.7,33,46,1,0,0
8.24,9.2,955,1.65,3.23,34,40,15,2,1,0
7.75,5.02,623,0.88,1.22,20.4,28,130,1,1,1
8.89,9.92,493,1.8,4.89,31.2,21,61,2,1,0
7.12,8.53,622,0.65,3.05,16.1,17,115,2,1,1
6.86,2.16,565,0.69,2.16,25.8,34,64,1,1,1
8.61,9.31,783,1.97,2.88,16.4,36,52,2,1,0
6.67,1.25,354,1.51,4.43,33.7,44,164,0,1,1
8.89,8.19,418,1.77,2.22,30.3,20,69,2,1,0
6.04,3.87,905,0.99,1.77,28.2,40,67,2,0,0
8.91,8.79,952,1.51,1.52,31.5,30,175,2,1,0
6.13,8.69,903,1.39,2.19,28,45,83,2,1,1
8.67,8.08,478,1.4,4.12,34.4,29,2,2,1,0
7.58,7.92,802,1.52,2.89,29.3,28,172,2,1,0
8.98,3.12,529,1.36,1.91,33.5,31,78,1,0,0
6.22,0.9,548,1.14,1.66,25.3,39,28,1,0,0
7.66,4.09,284,0.91,2.33,17.3,48,54,0,0,1
8.91,1.82,632,1.65,4.76,25.6,8,67,1,0,0
7.57,6.98,268,0.84,2.37,17.5,7,164,1,1,0
7.89,3.53,398,1.54,4.95,26.8,47,102,0,0,1
8.09,9.76,870,0.85,2.94,24.6,29,120,2,1,0
7.36,6.45,286,1.44,1.72,27.5,33,153,1,1,0
7.88,8.24,164,1.62,4.56,15.2,27,48,2,1,0
7.75,1.41,162,0.83,2.84,18.9,9,167,0,1,0
8.7,8.63,947,0.59,3.84,24.8,40,47,2,1,1
6.14,9.24,556,0.7,4.93,34,39,21,2,1,0
6.84,4.92,468,1.41,1.2,22.7,19,158,0,1,1
8.85,6.1,830,1.77,1.39,23.5,19,92,2,0,1
8.67,7.67,852,0.57,3.88,29.3,43,159,2,1,1
7.37,1.83,399,1.6,2.13,27.1,8,121,0,1,0
7.86,5.08,724,1.01,1.74,21,45,116,1,0,1
6.83,4.05,794,1.22,1.16,23.2,17,154,1,1,1
6.56,1.55,689,1.89,1.09,19.4,32,150,1,1,1
7.39,3.74,236,1,4.1,34.3,47,149,0,1,1
7.06,0.77,888,1.2,1.54,17.6,36,1,2,0,0
7.75,0.36,585,0.52,2.87,22.4,24,165,1,1,1
6.23,1.44,354,0.62,3.42,15.5,36,77,1,1,1
8.92,9.63,483,0.89,2.71,19.4,20,85,2,1,0
8.96,5.54,134,0.54,1.11,30.6,17,46,1,1,1
8.09,9.66,215,1.45,4.13,19,50,137,2,1,1
7.61,4.38,789,1.14,1.04,16.6,39,145,1,1,1
6.93,3.19,100,1.32,4.05,24.5,34,47,0,0,0
8.44,5.11,475,0.76,4.57,15.2,21,59,1,1,0
8.05,4.45,570,0.94,2.73,16.7,7,54,1,0,0
6.49,1.15,149,1.5,3.14,31.2,6,86,1,0,0
8.73,6.44,976,1.95,2.91,30.4,30,12,2,0,0
8.47,2.24,304,0.58,2.56,33.3,39,6,0,1,1
8.85,6.23,374,1.84,4.55,32.1,29,53,1,0,0
8.18,6.54,374,1.37,4.58,28.7,43,144,1,1,1
7.84,1.61,307,1.35,2.34,16,7,90,0,0,0
7.25,0.71,101,1.25,3.46,30.7,22,5,0,0,0
8.8,7.83,756,0.6,4.71,31.9,16,73,1,1,1
8.6,4.65,970,0.63,4.85,31,25,174,2,1,1
6.14,0.68,302,1.4,3.04,25.2,8,14,1,0,0
6.08,9.95,697,1.01,2.81,19.7,48,172,2,1,1
7.13,0.67,768,1.88,2.11,31.9,15,106,1,0,0
8.43,6.98,864,1.11,4.84,29.5,47,52,2,0,1
8.96,9.84,480,0.71,1.57,34.6,24,116,2,1,0
6.45,2.47,373,1.57,3.32,18.1,49,26,1,0,1
7.78,1.51,393,0.94,2.13,19.5,30,53,0,0,0
7.14,1.3,741,1.29,2.12,19.2,47,109,1,0,1
8.91,3.1,835,1.55,2.62,30.9,5,29,2,0,0
8.53,1.1,263,1.85,5,18.7,39,19,1,0,0
8.51,6.95,434,1.69,1.22,16.3,46,47,1,0,1
7.41,0.72,912,1.51,3.31,35,11,136,2,1,0
7.24,5.14,826,1.52,1.33,15.5,9,23,2,0,1
6.82,9.97,986,1.92,1.62,31.7,24,117,2,1,0
6.17,8.16,779,0.94,2.76,22.3,47,106,2,1,1
8.59,6.19,454,0.5,3.04,31.8,29,163,1,1,1
8.44,3.13,632,0.91,2.04,26.1,29,53,1,0,0
9,6.28,695,0.83,2.27,33,11,96,1,0,0
8.99,5.32,171,1.49,1.35,33.5,5,5,1,0,1
7.67,4.32,590,1.45,2.21,15.2,41,16,1,0,1
8.31,1.39,738,1.39,4.87,16.5,9,17,1,0,0
8.83,8.88,251,0.52,4.78,20,34,160,2,1,1
8.55,4.55,803,1.59,2.34,28.4,46,102,2,0,1
6.74,2.03,625,0.99,3.28,32.8,14,20,1,0,0
7.35,3.74,957,1.5,4.64,24.2,35,112,2,0,0
6.39,4.2,138,1.33,1.02,27.1,9,120,1,0,1
8.86,8.29,339,1.01,4.24,18.8,32,111,2,1,0
7.82,7.36,641,0.7,4.79,31.1,12,1,1,1,0
6.69,7.72,367,0.64,1.37,34.3,38,58,1,1,1
8.02,0.21,743,1.75,1.65,20.4,19,93,1,0,0
7.85,4.22,783,1.88,4.84,24.9,26,172,1,1,0
7.07,4.87,192,1.47,3.15,16.7,32,6,0,0,0
6.34,0.29,562,0.66,1.06,26.2,13,108,1,1,1
8.01,2.67,558,1.1,2.03,25.1,38,103,1,0,0
7.56,7.63,432,1.59,2.8,17.9,19,50,1,1,0
8.32,1.46,940,1.67,3.77,23.8,35,118,2,0,0
7.56,5.4,845,0.68,3.93,21.7,12,110,2,1,1
8.56,2.23,727,0.5,4.98,25.4,36,88,1,1,1
7.66,0.22,743,1.57,2.15,26.7,11,20,1,0,0
7.68,2.49,516,1.03,3.15,15.2,24,14,1,0,0
8.63,9.76,929,0.88,3.13,30.2,16,133,2,1,0
7.21,8.04,725,0.52,2.62,29.3,39,169,2,1,1
6.4,9.6,756,1.31,1.68,22.3,17,40,2,1,0
6.09,4.93,876,1.78,4.91,16.1,45,34,2,0,1
8.27,1.19,347,1.94,4.41,30.1,45,124,0,1,1
7.86,5.52,826,1.35,2.99,34.1,14,45,2,0,0
8.11,4.6,276,1.27,3.41,19.8,33,80,0,0,0
6.64,8.46,411,0.63,1.91,21.5,9,71,2,1,1
6.41,1.07,402,1.32,3.18,18.7,23,155,1,1,0
6.04,4.93,981,1.07,3.78,26.5,37,78,2,0,0
7.05,1.59,871,1.41,3.06,18.1,35,78,2,0,0
7.77,3.31,731,1.08,4.96,22.1,33,172,1,1,0
7.18,7.4,754,0.86,3.45,28.9,18,33,1,1,0
7.31,4.81,606,0.64,2.48,26.2,22,33,1,1,1
8.71,3.82,952,0.97,4.09,22.7,10,44,2,0,0
7.04,4.01,547,0.64,1.68,23.4,37,20,1,1,1
7.54,4.65,442,0.77,2.54,26.2,28,111,0,1,0
8.35,7.87,247,1.98,2.39,15.1,37,164,1,1,0
7.19,8.93,808,1.17,2.73,16.6,16,7,2,1,0
7.87,9.56,761,1.3,4.13,32.6,20,160,2,1,0
8.59,7.89,446,1.81,2.94,16.6,20,167,1,1,0
8.85,3.22,123,1.99,4.18,29.1,6,24,1,0,0
6.44,6.91,855,1.37,3.31,33.4,20,70,2,0,0
8.78,4.43,110,1.72,2.37,20.4,41,112,1,0,1
7.48,2.62,733,0.99,4.24,22.4,45,104,1,0,1
6.77,8.42,973,0.96,1.95,26.4,28,54,2,1,0
7.38,0.48,494,1.1,1.9,32.6,25,38,0,0,0
8.94,9.03,311,1.51,3.02,33.8,6,74,2,1,0
7.48,4.67,734,1.52,2.04,29.8,45,80,1,0,1
6.99,6.41,835,0.97,1.04,16.7,6,32,2,0,1
7.9,6.63,592,0.7,3.59,28.4,48,45,1,1,1
6.72,8.96,970,1.45,3.04,23.2,27,61,2,1,0
6.23,6.4,147,0.69,2.78,24.4,20,53,1,1,1
6.39,6.18,554,1.37,4.87,16,47,128,1,1,1
6.38,0.76,747,1.54,3.28,18.8,6,179,1,1,0
6.46,5.23,876,1.55,4.45,30.8,31,76,2,0,0
6.42,1.59,261,1.63,1.56,24.1,30,27,1,0,0
7.92,7.4,820,1.81,3.28,21,15,166,2,1,0
6.55,5.17,597,1.25,4.47,22.7,24,62,1,0,0
7.04,6.83,457,1.6,3.33,32.1,34,18,1,0,0
8.69,0.51,219,1.43,3.87,30,38,127,1,1,0
7.42,0.94,879,0.78,2.49,20.4,5,109,2,1,0
8,7.19,242,0.54,1.37,17.4,47,103,1,1,1
6.52,0.81,379,0.93,2.83,20,12,77,0,0,0
6.58,0.81,361,1.16,2.58,33.4,16,117,0,0,0
6.12,0.22,884,1.43,4.47,26.6,17,104,2,0,0
6.51,9.57,705,1.77,1.98,25.7,7,158,2,1,0
6.84,7.4,817,0.79,4.87,26.9,11,49,2,1,0
6.53,3.6,325,0.69,4.83,22.3,49,169,0,1,1
6.27,3.04,662,1.95,1.99,31.1,19,116,1,0,0
6.36,3.56,615,0.66,2.39,25.5,10,141,1,1,1
7.38,7.77,850,1.22,4.58,17.3,10,162,2,1,0
6.62,6.65,915,1.38,4.87,17.6,37,100,2,0,0
7.09,1.93,111,1.31,2.77,25.7,43,125,0,1,1
7.51,1.82,707,0.63,2.28,33.7,17,25,1,1,1
8.07,1.07,147,0.59,3.1,21.2,6,128,0,1,1
6.12,6.64,594,0.66,3.75,32.4,15,100,1,1,1
8.4,7.67,359,1.38,2.09,30.3,8,146,1,1,0
7.88,2.72,376,1.32,3.95,20,10,5,0,0,0
6.25,0.31,418,0.85,1.21,15.7,24,19,1,0,1
8.62,0.91,659,1.46,1.2,17,15,170,1,1,1
8.76,9.68,401,1.73,2.55,29.6,28,18,2,1,0
6.18,3.02,759,0.56,2.41,19,16,121,1,1,1
6.83,7.72,464,1.25,2.26,22.4,47,32,1,1,1
8.42,6.28,162,1.53,2.96,25,46,149,1,1,1
8.24,3.88,805,0.88,2.28,29.5,31,10,2,0,0
6.55,2.14,357,0.96,1.77,17.3,21,37,0,0,0
6.63,1.3,489,1.42,2.24,23.1,22,177,0,1,0
7.11,6.19,717,1.85,4.9,24.7,24,86,1,0,0
7.45,7.77,399,1.71,2.64,25.8,38,13,1,1,0
7.85,6.47,151,1.37,2.78,31.4,25,145,1,1,0
7.11,5.35,437,1.6,3.31,18.4,44,9,1,0,1
7.39,0.52,950,1.05,4.93,31.2,47,88,2,0,1
8.24,9.69,678,1.46,1.97,28.9,20,172,2,1,0
6.11,8.01,704,1.2,3.73,26.1,30,46,2,1,0
6.76,3,669,0.78,3.86,29,9,136,1,1,0
8.14,9.8,279,1.55,3.43,23.2,14,119,2,1,0
8.69,6.06,477,1.33,1.35,17.8,24,165,1,1,1
7.54,5.87,776,1.04,3.71,28.3,14,19,1,0,0
7.6,7.51,191,1.87,1.26,25.5,44,174,1,1,1
6.32,8.14,350,0.53,3.38,27.8,12,94,2,1,1
7.34,6.6,349,0.97,3.96,21.8,26,26,1,0,0
7.6,1.37,489,0.59,1.84,33.1,32,46,0,1,1
6.73,3.45,982,1.65,4.37,26.7,36,118,2,0,0
6.81,9.29,161,1.55,1.12,16.7,22,46,2,1,1
7.13,2.32,567,1,4.38,24,44,14,1,0,1
6.06,3.78,261,1.51,2.84,30.1,31,85,1,0,0
6.97,4.38,974,1.09,1.87,30.9,25,63,2,0,0
6.63,4.45,202,1.63,1.54,24.9,8,72,0,0,0
6.98,6.17,463,1.18,4.81,32.9,26,3,1,0,0
6.36,9.44,764,1.12,1.29,20.4,42,28,2,1,1
8.67,2.48,734,1.9,1.8,23.2,33,125,1,1,0
7.78,1.3,480,0.88,2.39,33,42,157,0,1,1
8.04,2.05,412,0.68,3.48,32.9,27,87,0,1,1
8.37,8.88,458,1.38,3.18,28.7,10,146,2,1,0
7.5,6.49,338,1.95,1.5,32.2,6,163,1,1,0
6.26,2.93,285,1.07,2.16,16.8,19,77,1,0,0
7.61,8.18,535,0.59,1.96,32.3,36,76,2,1,1
7.76,8.63,342,1.01,1.85,21.4,41,175,2,1,1
8.24,8.48,359,1.26,2.64,18.6,18,114,2,1,0
7.29,9.2,691,0.74,3.82,19.8,27,133,2,1,0
6.38,2.6,972,1.49,1.87,23.4,24,75,2,0,0
6.85,7.57,643,2,2.47,20,23,59,1,1,0
7.09,4.66,169,1.18,2.56,21.4,15,59,0,0,0
7.94,8.44,168,1.03,4.91,17.7,11,47,2,1,0
7.71,7.31,956,1.1,4.82,20.9,14,95,2,1,0
7.07,7.79,368,0.67,4.2,26.4,7,141,1,1,1
8.96,6.6,183,1.82,1.97,23.8,14,78,1,0,0
7.82,1.86,639,1.12,1.27,21.9,5,113,1,0,1
6.71,5.5,661,1.08,2.27,29.9,33,109,1,0,0
6.31,9.85,684,1.49,2.07,32.9,19,106,2,1,0
6.46,9.38,341,1.16,3.02,30.1,49,89,2,1,1
6.74,0.53,114,1.47,4.11,21.6,14,33,0,0,0
6.48,1.73,969,0.59,4.43,29.9,21,97,2,1,1
6.56,1.4,326,1.72,4.38,18,21,79,0,0,0
6.86,7.29,708,1.91,2.44,17.6,5,16,1,1,0
6.52,8.2,736,1.47,3.75,21.9,43,44,2,1,1
8.69,2.21,649,1.93,2.25,31.2,6,120,1,0,0
6.24,5.11,382,0.73,1.24,19.9,47,134,1,1,1
7.57,8.42,344,1.22,3.81,16.3,45,108,2,1,1
7.23,7.35,638,1.4,1.04,17.6,29,143,1,1,1
8.95,5.47,879,1.37,2.64,32.2,29,4,2,0,0
6.34,5.94,952,1.1,2.32,27.7,34,56,2,0,0
7.19,5.13,195,1.01,3.77,20.1,22,64,1,0,0
8.91,3.05,239,0.69,4.06,26.1,34,162,1,1,1
8.6,5.69,950,1.09,2.22,25.6,7,95,2,0,0
8.45,6.92,763,0.74,4.25,28.1,7,56,1,1,0
6.77,8.75,895,1.6,2.18,19.7,26,32,2,1,0
6.51,6.4,282,0.81,2.79,32.3,30,116,1,0,0
8.01,7.64,629,0.59,3.91,21.2,45,9,1,1,1
8.79,1.68,731,1.33,3.77,28.9,10,105,1,0,0
7.67,4.67,712,1.39,4.95,15.3,42,78,1,0,1
7.71,0.19,467,1.81,1.9,22.5,14,161,0,1,0
6.84,2.54,114,1.37,3.65,22,23,87,0,0,0
8.31,7.29,625,1.02,3.44,25.9,19,21,1,1,0
6.56,9.92,328,1.7,4.66,16.5,23,55,2,1,0
6.97,1.08,505,1.31,1.63,30.8,12,76,1,0,0
7.28,4.07,962,0.62,4.01,19.4,28,130,2,1,1
7.52,8.02,459,1.35,3.27,28.5,41,141,2,1,1
6.73,2.12,856,1.86,2.1,31.1,25,126,2,1,0
6.34,5.6,270,1.09,2.9,26.2,27,132,1,1,0
7.83,7.36,705,0.94,2.34,29.8,43,84,1,1,1
6.87,6.2,979,0.72,3.32,28.2,37,178,2,1,0
7.74,1.96,192,0.73,4.56,22.1,27,115,0,1,0
6.46,3.62,107,1.15,3.28,31.2,17,48,1,0,0
7.44,7.86,490,1.39,3.53,20.9,45,123,1,1,1
7.6,5.59,183,0.62,3.07,26.4,31,78,1,1,1
6.16,0.15,774,1.91,1.2,29.9,15,30,1,0,1
7.01,7.63,923,1.63,1.93,22.6,17,29,2,1,0
6.4,0.45,491,1.38,2.97,21.1,41,136,1,1,1
6.19,7.48,333,1.74,2.24,24.2,7,140,1,1,0
8.97,2.1,491,0.62,1.73,31.4,50,41,1,1,1
6.97,9.58,751,1.22,3.02,33.6,11,26,2,1,0
8.43,3.74,108,1.45,2.29,25.9,41,50,0,0,1
6.76,3.34,631,1.74,2.03,28.2,23,2,1,0,0
8.04,1.57,652,1.68,2.86,33.1,27,55,1,0,0
8.28,3.13,674,0.92,1.53,17,45,104,1,0,1
7.79,8.78,318,1.91,4.71,19.6,24,14,2,1,0
7.41,9.96,743,0.69,4.47,29.2,29,134,2,1,1
7.24,3.75,182,1.81,3.83,31.5,7,128,0,1,0
7.05,4.54,279,1.96,1.42,32.1,5,104,0,0,1
8.79,7.25,890,0.77,4.1,23.3,16,95,2,1,0
8.49,8.87,765,1.58,4.23,16.8,36,81,2,1,0
8.9,5.97,112,0.56,4.07,23.8,10,61,1,1,1
6.37,3.98,324,1.11,1.46,19.6,10,12,1,0,1
8.19,4.18,293,1.27,3.58,20.8,23,13,0,0,0
8.82,6.99,344,1.37,4.34,30.4,34,147,1,1,0
6.54,0.13,323,1.9,3.31,16.5,37,172,0,1,0
6.2,6.23,156,1.51,3.59,31.6,13,89,1,0,0
8.22,3.62,513,1.22,2.83,23.6,9,95,1,0,0
7.72,7.96,759,1.71,3.11,26.9,47,59,1,1,1
8.53,1.02,646,1.93,1.14,16.8,17,37,1,0,1
6.42,5.92,706,0.53,3.56,21.7,43,25,1,1,1
8.39,4.86,173,1.97,1.33,16.8,44,16,0,0,1
6.6,6.46,956,0.63,2.74,34.2,40,166,2,1,1
6.49,0.74,855,1.72,2.17,31.1,13,171,2,1,0
6.49,5.84,825,0.92,3.18,24.2,42,87,2,0,1
8.44,5.66,841,0.7,1.53,19.5,40,142,2,1,0
8,5.65,939,1.16,3.77,33.7,32,134,2,1,0
7.57,6.07,590,1.47,4.18,21.9,20,23,1,0,0
7.08,6.8,280,1.07,1.65,18.2,17,126,1,1,0
8.63,8.07,655,0.58,1.42,26.3,10,60,2,1,1
7.18,2.77,769,1.4,1.58,33.9,28,140,1,1,0
8.45,8.27,764,1.85,4.51,15.1,31,141,2,1,0
7.32,5.03,569,1.07,3.11,19.8,21,100,1,0,0
7.13,0.86,162,0.82,2.87,33.8,26,103,0,0,0
7.39,0.68,434,1.16,1.43,18.4,21,134,0,1,1
6.9,3.41,929,0.57,3.6,17.3,34,63,2,1,1
8.24,7.87,626,1.73,4.47,26.4,46,38,1,1,1
7.51,7.11,584,1.74,4.31,32.2,12,128,1,1,0
6.7,7.91,342,1.38,3.5,24.5,22,50,1,1,0
8.7,5.22,432,1.03,1.3,34.9,11,40,1,0,1
7.15,4.46,906,1.7,1.45,28.6,33,8,2,0,1
7.63,1.56,700,1.33,1.2,16.5,38,8,1,0,1
8.72,3.35,809,1.74,2.03,34.9,47,104,2,0,1
7.87,4.4,509,1.45,1.54,23.2,18,34,1,0,0
6.35,0.98,667,1.68,2.04,20.7,48,57,1,0,1
8.82,2.28,324,1.4,2.54,26.2,8,174,1,1,0
7.88,6.02,735,1.12,4.77,21.1,32,22,1,0,0
7,7.38,485,1.94,3.44,16.7,8,87,1,1,0
6.42,9.98,498,1.31,4.34,15,45,40,2,1,1
8.38,9.34,684,1.41,3.84,24,29,173,2,1,0
7.86,6.46,943,0.83,1.45,31.7,35,179,2,1,1
7.6,4.27,158,1.44,3.94,26.4,42,86,0,0,1
8.68,6.4,842,1.36,2.1,35,12,133,2,1,0
8.37,7.88,363,0.78,3.56,20.7,7,95,1,1,0
6.46,1.27,500,0.59,2.36,20.6,45,13,1,1,1
6.94,4.16,120,1.41,4.99,18.2,19,28,0,0,0
6.75,8.41,371,1.65,2.05,18.3,11,84,2,1,0
8.23,3.9,552,1.29,2.12,20.7,26,62,1,0,0
6.1,5.76,151,0.84,4.72,30.9,32,93,1,0,0
7.71,5.92,542,1.5,1.1,33.1,6,87,1,0,1
8.29,1.93,934,0.62,3.79,34.5,17,24,2,1,1
8.63,3.69,195,1.16,3.9,19.6,6,98,1,0,0
7.03,3.41,788,0.75,4.35,32.6,24,7,1,1,0
8.46,0.36,469,0.78,4.9,21.6,45,166,0,1,1
6.33,0.34,690,0.8,4.9,17.3,49,37,1,0,1
8.54,8.33,334,1.08,1.26,32.4,34,68,2,1,1
6.38,2.8,244,0.58,4.29,27.7,12,170,1,1,1
7.19,5.23,244,1.1,3.59,18.3,46,86,1,0,1
8.39,3.06,163,1.27,3.59,23.6,28,133,0,1,0
6.45,9.41,267,1.22,1.51,20.7,12,178,2,1,0
6.69,2.67,698,1.07,3.6,29.7,46,87,1,0,1
8.17,4.35,894,1.76,4.93,24.1,39,15,2,0,0
8.16,8.74,833,0.72,4.65,34.8,38,123,2,1,0
7.92,8.44,717,1.26,2.76,16.1,37,107,2,1,0
8.08,1.94,199,0.59,1.16,22.1,14,153,0,1,1
7.63,8.05,360,0.61,2.45,24.6,14,89,2,1,1
6.76,4.64,379,1.36,4.31,25.1,36,125,0,1,0
7.04,4.88,325,1.35,3.81,21.3,15,113,0,0,0
6.54,1.42,564,1.82,2.84,29.6,25,137,1,1,0
8.73,0.9,582,1.34,1.22,32.5,40,166,1,1,1
7.75,7.31,421,1.94,2.71,33.8,40,150,1,1,0
7.2,5.01,418,0.57,2.88,31.1,25,107,1,1,1
7.39,4.42,846,0.65,4.71,32,41,87,2,1,1
8.84,7.32,810,0.57,3.56,26,43,177,2,1,1
6.46,7.68,377,0.78,2.25,31.5,34,68,1,1,0
7.76,1.67,922,1.31,3.1,21.1,15,15,2,0,0
7.52,6.14,958,1.47,1.26,23,17,65,2,0,1
7.83,1.44,394,0.57,4.89,21.3,19,54,0,1,1
6.05,7.54,419,1.92,2.44,24.3,10,158,1,1,0
8.62,6.6,555,1.76,2.91,20.7,17,93,1,0,0
8.8,9.57,947,0.94,2.42,34.2,14,20,2,1,0
7.7,0.78,889,0.62,3.73,21.3,25,33,2,1,1
8.09,0.66,192,0.75,3.65,17,46,100,0,1,1
8.77,2.89,453,0.69,3.86,25.5,10,77,1,1,1
8.12,2.69,598,0.68,2.07,16.1,37,135,1,1,1
6.46,2.55,553,1.28,2.26,17.2,36,136,1,1,0
7.73,9.07,274,0.87,1.5,19.4,9,156,2,1,0
7.82,2.57,873,1.04,3.62,24.3,47,173,2,1,1
7.27,2.79,709,1.98,1.16,23.7,31,107,1,0,1
8.21,7.62,854,1.53,3.39,31,21,120,2,1,0
8.8,4.55,873,1.92,4.48,29.8,39,74,2,0,0
8.78,7.79,774,0.71,4.56,23.5,17,11,1,1,0
7.35,0.75,495,1.07,2.8,21.7,36,31,0,0,0
6.34,4.93,649,1.33,2.84,21.3,7,12,1,0,0
8.95,0.43,244,0.62,1.31,30.5,43,124,1,1,1
8.52,0.72,706,0.51,3.68,16,25,78,1,1,1
6.37,9.07,261,1.51,4.29,15.3,34,179,2,1,0
8.76,1.48,725,1.46,1.98,30.9,15,172,1,1,0
8.61,5.37,307,1.12,2.69,24.5,35,96,1,0,0
7.56,4.17,206,1.23,4.36,17.6,40,50,0,0,0
7.77,3.54,249,1.12,4.51,19.7,26,117,0,0,0
7.2,9.01,102,0.54,1.97,33.7,33,17,2,1,1
6.16,0.32,747,1,3.2,32.2,26,163,1,1,0
7.01,6.67,759,0.77,1.77,29.2,45,129,1,1,1
8.41,9.64,563,0.65,1.41,24.6,27,157,2,1,1
6.01,5.65,245,1.94,4.64,25.4,43,179,1,1,1
7,9.37,175,1.4,4.28,34.5,41,64,2,1,1
7.19,0.62,117,1.59,4.04,34.3,23,132,0,1,0
7.61,4.25,249,0.97,1.2,19.3,15,87,0,0,1
8.76,2.68,902,1.09,4.37,31.2,23,156,2,1,0
7.04,7.34,317,0.86,2.75,18.9,42,16,1,1,1
7.04,9.81,419,0.65,2.37,19.3,15,63,2,1,1
8.21,2.64,195,0.77,3.19,28.5,29,76,0,1,0
7.36,6.58,300,1.7,1.37,23.1,41,85,1,0,1
6.67,2.06,567,1.52,4.03,33.6,21,109,1,0,0
7.36,5.7,647,1.32,3.33,16.8,34,17,1,0,0
6.42,4.69,321,1.21,1.75,25.2,16,168,1,1,0
6.53,9.72,152,1.88,1.75,33.4,10,141,2,1,0
7.5,6.12,452,0.61,1.74,33.1,41,58,1,1,1
7.26,3.56,311,0.92,1.23,18.1,9,165,0,1,1
8.74,1.23,298,1.02,3.35,22.3,17,79,1,0,0
7.09,1.6,964,1.67,4.36,27.4,43,61,2,0,1
7.74,2.33,655,1.99,1.07,18.2,21,113,1,0,1
7.9,2.58,601,0.86,1.2,34.4,49,121,1,1,1
6.04,8.52,474,1.81,3.29,33.3,49,34,2,1,1
7.99,5.66,486,1.75,4.28,18.3,17,70,1,0,0
6.53,5.28,587,0.84,2.31,17.4,7,17,1,0,0
8.88,1.24,727,1.1,2.4,16.7,37,20,1,0,0
6.45,8.62,732,1.11,3.39,33.2,25,59,2,1,0
7.24,7.26,255,1.97,2.1,18.9,10,69,1,1,0
6.26,0.77,550,0.77,1.11,23.3,37,161,1,1,1
8.99,7.11,471,1.7,3.94,24,6,102,1,1,0
7.51,5.48,883,1,3.5,27,44,120,2,0,1
7.79,0.91,668,1.6,3.32,16.4,11,145,1,1,0
6.2,4.64,579,1.13,3.97,19.5,11,57,1,0,0
8.25,4.9,204,1.37,3.7,33.6,13,83,0,0,0
6.63,1.74,645,1.75,1.82,33.2,48,129,1,1,1
8.69,9.46,205,1.71,2.41,30.6,36,13,2,1,0
6.62,8.51,403,1.8,1.5,15.4,41,155,2,1,1
6.57,6.72,229,0.59,1.52,21.5,23,6,1,1,1
6.11,4.68,723,1.54,3.7,27.6,20,97,1,0,0
7.42,4.18,286,0.71,4.43,20.5,16,94,0,1,0
7.69,6.54,453,1.12,4.85,33.2,27,110,1,0,0
6.2,5.5,906,1.32,3.51,27.7,30,151,2,1,0
8.33,0.72,284,1.1,1.74,16.4,33,138,0,1,0
7.36,5.17,557,1.28,1.42,33.2,17,51,1,0,1
7.57,8.08,477,1.99,4.25,34.2,48,147,2,1,1
7.32,4.65,116,0.7,3.32,16.6,13,51,0,1,0
7.2,0.61,813,1.51,3.47,25.6,48,87,2,0,1
7.68,7.88,162,1.09,4.13,21.1,6,68,1,1,0
6.47,2.09,527,0.7,3.81,22.9,27,84,1,1,0
6.55,2.66,605,0.74,4.34,18.6,20,42,1,1,0
8.59,1.73,666,1.92,1.22,26.6,25,57,1,0,1
8.84,3.37,720,1.82,3.99,34.2,31,166,1,1,0
7.12,7.59,328,1.86,4.4,25.1,25,62,1,1,0
6.81,5.24,109,1.99,2.14,16.7,24,7,1,0,0
7.93,2.13,751,0.81,3.56,27.4,38,112,1,0,0
7.23,8.79,582,1.03,2.26,21.8,36,178,2,1,0
6.08,8.81,853,1.5,4.83,32.1,42,26,2,1,1
6.47,8.72,839,1.23,1.13,23.7,16,154,2,1,1
8.15,2.46,859,1.13,3.32,18.9,32,19,2,0,0
7.98,4.57,537,1.04,1.67,18.8,31,9,1,0,0
6.08,9.85,400,1.39,3.85,30.4,22,61,2,1,0
6.67,7.74,812,1.36,1.7,20.3,27,20,2,1,0
6.69,0.37,506,0.74,1.94,30.3,19,106,1,1,0
8.02,0.75,265,1.21,2.98,19.1,11,50,0,0,0
6.06,4.69,869,1.33,4.66,21.4,15,81,2,0,0
6.31,9.1,894,1.36,1.85,24.3,10,150,2,1,0
8.4,5.43,520,0.82,1.58,33.9,36,141,1,1,0
6.54,5.03,168,1.61,4.04,33.6,35,140,1,1,0
7.96,1.14,449,0.54,3,19.1,48,10,0,1,1
6.71,6.6,823,1.03,4.65,22.2,38,65,2,0,0
6.3,8.24,912,1.67,1.59,18,7,158,2,1,0
6.73,3.87,283,1.35,3.58,25.2,45,8,0,0,1
8.17,7.78,160,0.89,1.93,24.2,44,149,1,1,1
8.57,9.65,890,1.54,1.63,33,25,22,2,1,0
8.49,2.12,450,1.35,3.73,33.6,31,18,0,0,0
7.19,5.28,588,1.69,3.37,22.7,49,176,1,1,1
8,2.94,971,1.6,4.02,24.8,29,172,2,1,0
6.61,7.95,160,1.42,2.24,32.9,46,9,1,1,1
6.88,5.82,683,1.23,2.79,31.1,9,54,1,0,0
8.69,6.38,167,0.7,2.62,15.1,14,26,1,1,0
6.04,8,438,0.89,4.94,21.4,25,94,2,1,0
6.26,4.02,823,1.13,2.17,23.4,31,100,2,0,0
6.62,9.16,490,1.4,2.18,19.6,42,26,2,1,1
6.08,5.38,997,1.27,2.42,19,49,34,2,0,1
6.54,1.66,603,0.93,3.26,15.8,22,8,1,0,0
7.75,6.99,389,0.51,2.01,27.9,7,138,1,1,1
7.26,7.95,298,1.24,4.66,20.3,41,48,1,1,1
8.68,3.24,415,0.93,2.06,16,32,107,1,0,0
8.45,8.59,435,1.6,4.58,19.6,14,54,2,1,0
7.03,9.07,162,0.54,1.41,31,27,168,2,1,1
6.78,2.84,433,1.38,3.63,32,38,119,0,0,0
7.14,9.84,518,1.91,4.63,24.7,40,143,2,1,0
7.77,1.49,750,0.76,1.67,23.3,27,81,1,1,0
6.8,2.1,691,1.21,4.87,34.6,19,146,1,1,0
7.87,1.92,738,0.64,2.81,19,49,96,1,1,1
7.23,8.95,108,1.44,4.78,19.3,35,102,2,1,0
7.66,6.58,296,1.33,3.71,20.8,23,151,1,1,0
7.31,1.61,696,1.11,2.21,18.5,18,62,1,0,0
6.88,4.46,536,1.28,1.75,22.6,38,46,1,0,0
8.85,6.19,105,1.84,2.21,33.2,16,87,1,0,0
8.29,0.93,824,0.79,1.37,27.3,13,99,2,1,1
6.42,8.84,796,0.53,1.58,23.2,29,39,2,1,1
8.61,8.06,594,1.79,1.42,33.7,18,143,2,1,1
7.46,5.1,160,1.37,2.69,16,33,53,1,0,0
8.68,9.67,790,1.84,4.18,19.2,10,80,2,1,0
8.4,4.24,625,1.4,1.57,26.3,34,16,1,0,0
7.28,9.84,804,1.72,1.52,27.3,18,104,2,1,0
6.07,6.71,777,1.14,3.57,15.8,5,70,1,0,0
6.81,6.38,823,1.62,1.79,23.1,11,141,2,1,0
7.62,1.74,566,1.87,1.39,28,47,108,1,0,1
7.9,8.83,226,1.36,1.67,29,44,47,2,1,1
6.77,4.33,704,0.77,4.69,27.8,16,9,1,1,0
6.42,1.71,658,0.9,4.29,21.4,40,34,1,0,0
8.5,0.22,768,0.8,2.42,16.9,32,157,1,1,0
8.95,5.64,253,0.87,3.62,23.5,49,165,1,1,1
7.58,5.32,275,0.96,3.15,17.6,22,171,1,1,0
6.52,7.22,901,1.33,3.71,34,36,86,2,1,0
6.82,8.91,775,1.38,3.73,24.5,8,115,2,1,0
6.06,0.89,917,1.14,3.51,21.3,23,64,2,0,0
8.74,7.34,783,1.42,2.06,30.3,48,152,1,1,1
6.35,1.96,637,0.62,1.16,25,29,34,1,1,1
7.73,8.6,689,0.63,2.82,21.2,18,176,2,1,1
6.82,8.21,900,0.76,4.56,31.2,10,12,2,1,0
7.66,5.45,621,1.28,3.28,32.3,37,151,1,1,0
7.95,7.13,669,0.82,4.33,28.5,34,97,1,1,0
8.49,3.21,241,0.92,4.97,15.9,22,121,0,1,0
6.62,4.76,527,1.1,1.65,26.3,48,141,1,1,1
6.03,8.23,745,1.72,3.77,30.3,6,87,2,1,0
6.41,4.65,344,0.52,3.7,17.7,19,102,1,1,1
8.7,3.64,282,1.47,4.92,19.6,46,96,1,0,1
8.62,4.99,382,1.5,4.94,32.6,19,173,1,1,0
7.79,8.3,317,1.7,3.75,15.4,16,114,2,1,0
7.8,3.42,293,1.9,1.97,30.1,29,47,0,0,0
8,1.82,482,0.53,4.19,24.5,42,58,0,1,1
6.53,7.15,917,0.73,1.43,23.9,10,133,2,1,1
8.74,8.28,556,1.83,4.12,15.1,47,121,2,1,1
7.26,1.1,269,1.19,4.64,31.4,41,118,0,0,1
7.15,2.47,169,1.35,2.53,22.2,13,5,0,0,0
7.56,1.51,727,1.49,3.52,25.8,37,96,1,0,0
6.14,3.54,445,1.52,2.72,28.5,22,21,1,0,0
6.5,4.56,840,1.9,2.75,29.1,23,152,2,1,0
8.21,7.51,694,2,2.24,34.1,40,128,1,1,0
6.25,6.55,817,1.58,4.05,25.6,48,124,2,1,1
7.81,6.25,345,0.93,4.74,23,11,146,1,1,0
6.74,3.59,723,1.82,4.76,34.1,24,21,1,0,0
7.17,8.43,338,0.57,1.7,27.8,27,54,2,1,1
6.87,4.77,945,0.85,4.5,21,22,138,2,1,0
7.07,9.79,673,1.85,3.95,17.5,21,152,2,1,0
8.16,6.38,392,0.88,2.01,31.9,7,104,1,0,0
6.89,1.35,343,0.83,1.27,22.2,36,111,0,0,1
7.7,6.79,272,0.71,2.07,28.2,25,116,1,1,0
7.43,3.32,725,1.79,4.65,24.4,14,57,1,0,0
7.99,6.89,297,1.25,3.53,19,42,128,1,1,1
8.81,0.79,636,1.51,3.88,27,41,151,1,1,1
8.2,1.83,338,0.86,2.03,16.2,27,150,0,1,0
6.64,8.57,696,1.64,3.88,23.3,18,162,2,1,0
6.09,2.35,833,1.64,1.11,25.9,34,120,2,0,1
6.79,8.39,800,0.97,2.5,23.7,18,70,2,1,0
7.79,2.86,785,1.12,3.51,30,16,156,1,1,0
6.15,6.46,269,0.81,1.58,31.6,38,95,1,0,0
7.49,6.97,180,1.96,4.29,30.4,7,99,1,0,0
7.79,5.18,729,1.47,1.94,15.8,9,167,1,1,0
7,3.12,432,1.9,3.61,18.9,5,42,0,0,0
8.31,2.21,489,0.96,2.62,25.7,12,151,0,1,0
6.32,0.43,128,1.67,3.38,33.7,8,70,1,0,0
6.23,3.11,334,1.65,1.43,31.7,50,2,1,0,1
8.18,6.57,130,1.54,1.07,31.9,18,152,1,1,1
7.49,9.39,891,1.95,4.64,21.1,12,145,2,1,0
8.07,8.72,319,1.09,2.08,23.6,16,109,2,1,0
7.3,7.68,602,0.7,4.28,24.4,47,65,1,1,1
6.74,7.91,135,1.51,5,18.1,28,70,1,1,0
8.46,6.68,700,1.59,1.85,15.6,21,69,1,0,0
8.4,2.68,391,1.36,2.06,33.9,44,121,0,1,1
8.08,9.08,908,0.81,3.65,19.8,23,109,2,1,0
6.82,6.74,899,1.26,4.86,19.8,20,60,2,0,0
7.77,5.65,393,0.97,4.66,16.7,14,178,1,1,0
7.08,1.2,911,1.14,3.01,33.6,22,93,2,0,0
6.27,4.53,997,1.47,4.18,26.6,19,12,2,0,0
8.75,4.66,843,1.62,1.54,28.3,35,103,2,0,0
6.41,8.66,860,0.85,4.91,33.2,18,175,2,1,0
8.85,5.51,324,1.11,4.86,21.9,31,112,1,0,0
7.34,3.87,619,0.9,1.65,27.4,8,65,1,0,0
6.56,9.77,161,0.8,2.2,15.8,14,155,2,1,0
7.63,1.2,185,1.68,1.4,18.7,23,48,0,0,1
8.62,4.28,999,1.86,2.09,31.6,47,88,2,0,1
8.2,0.52,394,1.06,4.26,30.3,22,62,0,0,0
8.42,7.43,773,1.63,2.51,22,35,44,1,1,0
7.98,9.19,826,1.85,1.35,22.5,16,147,2,1,1
8.08,2.87,872,1.77,2.37,25.7,11,136,2,1,0
8.55,8.6,998,0.77,4.93,15,8,55,2,1,0
6.75,2.99,317,1.93,3.52,19.8,19,108,0,0,0
7.47,9.12,136,1.07,2.66,19.2,12,47,2,1,0
6.66,7.56,470,1.01,1.67,20,13,2,1,1,0
8.96,8.07,217,0.59,4.94,31.1,39,113,2,1,1
8.83,0.28,120,1.23,4.28,20.6,6,167,1,1,0
6.12,9.63,424,0.66,2.13,18.8,30,173,2,1,1
8.12,7.29,805,0.87,1.28,25.1,22,160,2,1,1
8.78,3.12,610,0.98,1.23,32.3,28,166,1,1,1
6.54,8.31,382,1.71,1.48,19.8,30,11,2,1,1
7.7,2.89,689,1.81,3.32,16.6,19,138,1,1,0
8.75,8.74,309,0.95,4.72,22.1,18,112,2,1,0
6.1,1.21,113,1.79,2.99,30,38,90,1,0,0
8.09,7.07,788,1.79,4.37,26,44,55,1,1,1
6.89,5.45,661,1.65,2.78,31.3,14,148,1,1,0
8.77,1.06,786,0.72,3.83,34.2,9,17,1,1,0
8.91,2.49,135,1.54,3.93,30.9,45,68,1,0,1
8.83,0.22,853,1.92,1.7,27.1,21,133,2,1,0
7.42,4.74,658,1.52,2.44,24.9,30,151,1,1,0
8.59,3.08,607,1,3.55,15.8,21,174,1,1,0
8.53,6.02,662,1.25,1.28,34.7,11,52,1,0,1
6.96,3.04,878,1.47,2.45,22.7,32,138,2,1,0
8.49,3.07,628,1.27,3.14,18,29,174,1,1,0
6.11,7.46,623,0.68,4.98,28.3,14,156,1,1,1
7.79,0.58,992,0.97,2.9,20.7,25,97,2,0,0
6.69,9.04,781,1.7,4.26,26.7,41,171,2,1,1
6.36,8.54,498,1.79,2.73,26.7,32,154,2,1,0
6.23,6.71,737,0.71,4.19,23.9,9,48,1,1,0
8.09,5.97,450,1.93,3.38,31.7,30,29,1,0,0
7.02,8.93,306,0.99,4.55,20.3,37,27,2,1,0
8.17,1.93,637,1.49,2.64,24,41,146,1,1,1
6.2,0.88,935,1.63,3.42,25.8,33,104,2,0,0
6.95,2.47,936,1.72,3.52,28.3,12,60,2,0,0
7.62,7.97,408,1.92,2.67,30.7,37,106,1,1,0
8.37,0.44,575,0.97,1.58,22.9,35,69,1,0,0
6.96,5.87,290,1.79,1.37,27.9,6,114,1,0,1
7.88,9.95,996,0.7,1.07,18,24,21,2,1,1
8.66,8.57,983,1.56,4.49,33.7,20,152,2,1,0
7.85,5.26,685,1.61,1.95,22.7,35,102,1,0,0
6.7,0.73,824,1.52,1.85,29.6,15,131,2,1,0
6.07,8.33,744,0.88,3.94,15.4,32,95,2,1,0
8.61,6.03,634,1.81,2.28,19.1,46,105,1,0,1
6.06,1.24,148,0.75,3.02,24.7,41,125,1,1,1
8.62,1.03,509,0.58,1.65,32.6,46,2,1,1,1
7.59,9.11,707,1.58,4.84,25.5,49,66,2,1,1
8.82,6.73,710,1.21,4.41,33.6,5,113,1,0,0
8.4,8.31,436,1.77,4.46,24.7,33,170,2,1,0
8.99,8.8,948,1.08,2.63,24.8,24,162,2,1,0
7.05,5.76,251,0.75,4.05,17.4,44,42,1,1,1
8.3,5.22,550,1.75,1.58,31.1,16,20,1,0,0
7.21,4.36,722,1.32,1.03,19.9,49,97,1,0,1
7.44,3.24,727,0.78,1.08,33,33,68,1,1,1
7.88,4.4,684,1.58,3.35,33.2,41,173,1,1,1
8.62,7.76,348,1.27,2.82,33.9,9,75,1,1,0
8.95,6.06,241,1.41,3.07,25.4,13,125,1,1,0
8.3,8.94,672,1.19,1.03,28.5,39,170,2,1,1
7.25,4.49,639,1.74,2.69,30.6,6,47,1,0,0
7.26,6.11,261,1.74,3.87,17.6,42,5,1,0,1
8.21,6.35,735,1.56,2.77,27,6,49,1,0,0
6.72,5.96,510,0.66,3.93,15.7,35,124,1,1,1
6.33,7.06,701,1.76,1.93,25,21,37,1,1,0
7.06,2.45,854,1.51,4.25,18.1,33,162,2,1,0
6.86,5.17,253,1.55,3.35,18.7,36,146,1,1,0
6.89,1.13,117,1.04,1.84,22.3,20,19,0,0,0
6.7,3.91,801,1.82,1.95,23.6,10,40,2,0,0
6.13,4.93,649,1.59,3.51,27.5,8,17,1,0,0
6.05,6.56,730,0.67,4.32,16.5,32,99,1,1,1
8.96,9.51,854,1.11,2.66,25.1,28,93,2,1,0
7.28,6.05,823,1.83,2.03,18.7,38,42,2,0,0
7.15,7.46,965,0.57,4.47,26.5,28,123,2,1,1
8.04,5.11,582,1.94,3.68,27.7,24,107,1,0,0
6.65,6.38,540,1.52,2.79,26.1,23,72,1,0,0
8.85,0.8,462,1.45,2.95,29.8,6,65,1,0,0
8.36,2.62,238,0.91,1.82,21.7,20,109,0,0,0
6.27,3.68,615,0.87,3.51,30.3,49,53,1,0,1
7.25,4.78,349,1.91,2.43,23.7,44,135,0,1,1
8.64,0.55,929,0.95,4.98,24.7,20,133,2,1,0
8.83,1.49,625,1.66,2.92,28,31,24,1,0,0
7.4,2.84,634,1.09,2.94,15.4,43,28,1,0,1
7.84,9.72,419,0.71,3.26,28.1,25,62,2,1,0
6.5,3.38,147,0.52,4.67,27.4,6,17,0,1,1
8.97,4.87,129,1.32,4.2,21.2,8,20,1,0,0
6.7,2.04,481,1.96,2.8,16.7,28,3,0,0,0
8.83,6.15,176,1.05,3.87,16.8,49,165,1,1,1
7.95,2.88,646,1.04,3.34,33.5,36,143,1,1,0
7.82,2.15,893,1.02,2.97,28.8,8,51,2,0,0
7.54,5.21,895,1.28,1.77,17.5,14,176,2,1,0
6.69,0.15,693,1.16,2.86,22.1,40,136,1,1,0
6.53,0.18,290,1.82,1.98,26.8,43,141,0,1,1
6.66,2.27,877,1.26,4.66,31.7,33,176,2,1,0
6.56,0.46,897,1.26,2.34,15.9,34,3,2,0,0
8.34,1.17,277,0.71,4.81,19.7,6,73,0,1,0
7.05,3.45,764,1.97,3.13,32.8,42,159,1,1,1
6.17,8.05,358,0.87,3.53,15.2,40,105,2,1,0
8.91,5.76,822,0.61,3.17,19,17,118,2,1,1
8.65,5.18,998,1.49,1.52,34.2,37,154,2,1,0
8.78,3.01,127,1.39,2.5,27.3,15,34,1,0,0
8.98,9.32,908,1.12,1.4,20.2,7,137,2,1,1
6.52,4.03,660,1.13,3.49,16.3,14,62,1,0,0
7.19,0.96,976,1.68,2.79,15.6,13,120,2,0,0
8.27,6.21,519,0.79,4.11,19.9,20,115,1,1,0
8.09,1.23,863,1.73,1.88,32.6,24,13,2,0,0
6.46,3.52,156,1.47,1.66,23.3,28,69,1,0,0
8.45,5.12,402,1.13,2.63,29.4,26,169,1,1,0
6.67,8.75,160,1.19,4.71,33.4,17,77,2,1,0
6.67,4.99,978,0.88,3.84,23.2,6,1,2,0,0
7.61,7.05,835,1.63,2.68,18.8,32,89,2,1,0
7.78,9.93,867,1.27,3.07,25.3,23,47,2,1,0
7.74,1.4,944,0.98,1.34,33.2,18,4,2,0,1
6.27,2.82,177,1.39,4.94,31.1,44,10,1,0,1
8.63,4.01,447,1.99,3.67,16.3,39,28,1,0,0
6.8,4.28,164,1.15,2.14,28.9,44,121,0,1,1
6.39,4.17,290,1.88,3.34,26.4,27,126,1,1,0
8.67,9.09,306,1.02,1.44,33.1,11,134,2,1,1
8.87,7.17,522,0.58,4.86,17.4,36,155,1,1,1
8.59,6.12,342,0.81,1.7,25.7,14,140,1,1,0
8.43,3.16,191,1.13,3.59,32.6,25,62,0,0,0
7.97,8.26,251,0.83,1.98,23.2,8,176,2,1,0
7.65,9.56,233,0.5,3.87,24.6,42,67,2,1,1
6.26,8.23,976,1.87,4.11,16.4,11,174,2,1,0
7.23,0.12,783,1.77,3.69,20.6,46,74,1,0,1
7.12,6.4,971,1.61,3.46,21.5,44,95,2,0,1
6.78,0.61,496,0.75,4.57,33.9,26,143,0,1,0
8.17,2.65,351,0.68,1.31,20.7,38,36,0,1,1
7.49,0.69,818,0.6,2.32,24.2,33,142,2,1,1
6.24,6.08,394,1.59,1.99,28.4,41,112,1,0,1
6.66,6.9,369,1.89,4.95,18.2,24,131,1,1,0
8.05,1.23,309,1.15,2.56,24.7,40,113,0,0,0
6.23,3.9,217,0.68,3.93,29.8,26,110,1,1,1
8.55,4.62,331,1.27,3.74,32.3,47,114,1,0,1
7.49,3.75,420,1.02,1.85,27.5,27,67,0,0,0
7.44,1.3,707,1.06,1.96,28.4,26,126,1,1,0
7.78,4.25,156,1.43,2.13,17.5,40,86,0,0,0
8.47,7.54,289,1.58,2.64,33.9,42,19,1,1,1
7.04,0.8,828,0.67,1.94,17.7,30,69,2,1,1
8.03,0.89,232,0.55,1.08,30.5,13,10,0,1,1
7.7,3.61,408,1.99,4.52,20.3,26,161,0,1,0
6.8,9.42,878,0.85,4.86,33.7,49,141,2,1,1
8.64,6.72,239,0.58,2.37,29.4,39,128,1,1,1
8.39,6.82,174,0.78,2.35,30.1,42,99,1,1,1
7.98,3.68,536,0.56,1.03,19.4,6,179,1,1,1
8.55,5.98,372,1.09,3.72,23.9,26,32,1,0,0
8.6,0.2,607,1.7,4.3,27.4,34,112,1,0,0
8.13,6.4,823,1.01,1.59,30.4,42,24,2,0,1
8.51,9.14,223,1.17,1.64,17.1,7,35,2,1,0
8.09,6.16,623,1.51,4.16,34.2,43,83,1,0,1
8.04,8.75,555,1.26,3.47,32.8,30,70,2,1,0
7.86,7.27,230,1.79,1.18,20.4,14,168,1,1,1
8.26,1.29,662,1.8,3.49,31.5,19,109,1,0,0
6.48,9.03,346,0.51,2.24,25.4,18,172,2,1,1
8.64,0.76,539,1.67,2.47,24.2,29,99,1,0,0
8.62,5.39,174,1.19,4.08,21.3,7,33,1,0,0
6.09,1.51,514,1.98,4.24,26.6,12,56,1,0,0
8.48,0.22,376,1.22,2.6,29.6,42,164,0,1,1
6.39,4.28,840,1.98,4.79,23.2,11,147,2,1,0
7.01,3.02,151,1.63,2.63,27.6,16,171,0,1,0
8.23,4.91,477,0.87,4.09,29,25,12,0,0,0
6.48,5.81,513,1.31,2.94,29.2,28,11,1,0,0
8.45,0.53,753,1.99,4.59,16,39,70,1,0,0
8.5,1.32,617,1.79,4.63,32.2,25,140,1,1,0
7.52,5.63,700,0.65,1.35,24.2,41,41,1,1,1
6.02,3.5,799,1.56,4.75,20.2,33,153,1,1,0
6.86,7.32,876,1.02,4.3,19.8,10,106,2,1,0
7.85,6.56,382,0.51,4.17,24.7,12,3,1,1,1
8.94,8.47,584,1.11,1.8,32.7,25,3,2,1,0
7.9,6.96,856,0.85,4.22,22.6,23,84,2,0,0
6.78,4.36,991,1.73,4.4,30,38,156,2,1,0
7.9,6.76,901,1.01,2.16,16.9,31,151,2,1,0
7.62,2.83,434,1.74,4.81,24.5,22,176,0,1,0
8.34,3.13,276,0.5,1.2,34.8,13,170,0,1,1
6.32,7.91,540,0.96,1.6,30.4,15,107,1,1,0
8.28,4.52,767,0.86,3.15,19.2,31,168,1,1,0
7.62,8,543,0.85,3.3,25,24,134,2,1,0
8.89,8.24,535,0.6,3.58,19.7,28,20,2,1,1
7.03,8.59,854,0.78,1.07,23.2,13,139,2,1,1
7.9,9.17,425,1.33,4.84,30.6,35,96,2,1,0
8.8,4.37,874,0.94,1.18,30.4,43,124,2,1,1
6.31,3.26,466,1.13,1.57,19.6,17,155,1,1,0
8.81,5.86,395,1.07,1.06,33.4,27,21,1,0,1
8.06,3.77,509,1.81,3.27,26.9,49,114,1,0,1
6.2,6.05,786,1.86,4.73,22.6,20,13,1,0,0
6.9,7.09,213,1.24,3.66,25,32,86,1,1,0
8.12,6.92,277,1,4.29,27.1,9,35,1,0,0
6.2,3.81,956,0.66,1.05,26.2,32,47,2,1,1
7.75,1.75,258,1.93,3.17,24.7,9,156,0,1,0
7.04,4.36,611,0.59,2.84,25.1,48,149,1,1,1
7.86,1.51,621,0.95,3,18.5,37,146,1,1,0
6.14,8.91,541,0.95,1.29,31.3,40,159,2,1,1
8.61,3.52,680,0.98,3.74,25.8,37,125,1,1,0
8.92,1.63,307,0.75,3.01,17.6,32,110,1,1,0
8.91,0.35,597,1.67,4.06,30.3,25,37,1,0,0
8.25,6.49,435,0.68,2.94,33.6,44,21,1,1,1
6.39,6.41,696,1.45,1.6,33.9,48,14,1,0,1
